Run Number,Solution Size,Approximation Ratio,Execution Time (s)
1,440,1.0476190476190477,0.1053917407989502
2,437,1.0404761904761906,0.10493707656860352
3,435,1.0357142857142858,0.10531187057495117
4,439,1.0452380952380953,0.10258603096008301
5,439,1.0452380952380953,0.10271739959716797
6,435,1.0357142857142858,0.10422897338867188
7,435,1.0357142857142858,0.10642600059509277
8,435,1.0357142857142858,0.10393190383911133
9,435,1.0357142857142858,0.1035909652709961
10,435,1.0357142857142858,0.10257792472839355
11,440,1.0476190476190477,0.10329413414001465
12,436,1.0380952380952382,0.1030879020690918
13,436,1.0380952380952382,0.10449814796447754
14,436,1.0380952380952382,0.10684800148010254
15,436,1.0380952380952382,0.10850715637207031
16,437,1.0404761904761906,0.10315299034118652
17,436,1.0380952380952382,0.11537885665893555
18,437,1.0404761904761906,0.10403823852539062
19,437,1.0404761904761906,0.10517597198486328
20,438,1.042857142857143,0.10514092445373535
21,435,1.0357142857142858,0.1840989589691162
22,436,1.0380952380952382,0.15184998512268066
23,435,1.0357142857142858,0.37522196769714355
24,436,1.0380952380952382,0.2199711799621582
25,436,1.0380952380952382,0.11177206039428711
26,437,1.0404761904761906,0.10580921173095703
27,440,1.0476190476190477,0.10620999336242676
28,436,1.0380952380952382,0.1040959358215332
29,435,1.0357142857142858,0.10518002510070801
30,436,1.0380952380952382,0.1048288345336914
31,435,1.0357142857142858,0.10550093650817871
32,437,1.0404761904761906,0.10417675971984863
33,441,1.05,0.10421514511108398
34,436,1.0380952380952382,0.10429978370666504
35,436,1.0380952380952382,0.1057898998260498
36,442,1.0523809523809524,0.10399508476257324
37,435,1.0357142857142858,0.10381269454956055
38,436,1.0380952380952382,0.10504388809204102
39,436,1.0380952380952382,0.1138770580291748
40,435,1.0357142857142858,0.1055002212524414
41,436,1.0380952380952382,0.10594010353088379
42,436,1.0380952380952382,0.1043248176574707
43,436,1.0380952380952382,0.10684585571289062
44,440,1.0476190476190477,0.10428595542907715
45,436,1.0380952380952382,0.10434818267822266
46,436,1.0380952380952382,0.10556721687316895
47,437,1.0404761904761906,0.10496687889099121
48,438,1.042857142857143,0.13765907287597656
49,435,1.0357142857142858,0.11199712753295898
50,436,1.0380952380952382,0.12574100494384766
51,436,1.0380952380952382,0.11112189292907715
52,436,1.0380952380952382,0.10373926162719727
53,436,1.0380952380952382,0.10277509689331055
54,435,1.0357142857142858,0.10391497611999512
55,438,1.042857142857143,0.10481595993041992
56,437,1.0404761904761906,0.1055607795715332
57,435,1.0357142857142858,0.10638999938964844
58,437,1.0404761904761906,0.10328078269958496
59,439,1.0452380952380953,0.10531091690063477
60,435,1.0357142857142858,0.10366010665893555
61,438,1.042857142857143,0.10610485076904297
62,435,1.0357142857142858,0.1059572696685791
63,439,1.0452380952380953,0.10564303398132324
64,435,1.0357142857142858,0.1047670841217041
65,435,1.0357142857142858,0.10433197021484375
66,436,1.0380952380952382,0.10457611083984375
67,436,1.0380952380952382,0.10561108589172363
68,436,1.0380952380952382,0.10428118705749512
69,435,1.0357142857142858,0.10509395599365234
70,435,1.0357142857142858,0.10589218139648438
71,435,1.0357142857142858,0.10455894470214844
72,435,1.0357142857142858,0.10571408271789551
73,436,1.0380952380952382,0.10340499877929688
74,440,1.0476190476190477,0.1059269905090332
75,437,1.0404761904761906,0.10548090934753418
76,435,1.0357142857142858,0.1054229736328125
77,436,1.0380952380952382,0.10440707206726074
78,436,1.0380952380952382,0.10572695732116699
79,435,1.0357142857142858,0.10303592681884766
80,439,1.0452380952380953,0.10361599922180176
81,435,1.0357142857142858,0.10379695892333984
82,436,1.0380952380952382,0.10593295097351074
83,438,1.042857142857143,0.11689305305480957
84,436,1.0380952380952382,0.10476422309875488
85,435,1.0357142857142858,0.10544490814208984
86,439,1.0452380952380953,0.10549402236938477
87,436,1.0380952380952382,0.10532879829406738
88,435,1.0357142857142858,0.10482192039489746
89,438,1.042857142857143,0.10304689407348633
90,439,1.0452380952380953,0.10380887985229492
91,440,1.0476190476190477,0.10501694679260254
92,438,1.042857142857143,0.1036229133605957
93,436,1.0380952380952382,0.10530686378479004
94,437,1.0404761904761906,0.1051640510559082
95,437,1.0404761904761906,0.10548138618469238
96,435,1.0357142857142858,0.10399603843688965
97,442,1.0523809523809524,0.10590076446533203
98,436,1.0380952380952382,0.10504412651062012
99,439,1.0452380952380953,0.10521602630615234
100,439,1.0452380952380953,0.10539889335632324
101,436,1.0380952380952382,0.10715389251708984
102,440,1.0476190476190477,0.10648703575134277
103,438,1.042857142857143,0.10386204719543457
104,441,1.05,0.10505914688110352
105,438,1.042857142857143,0.10535287857055664
106,440,1.0476190476190477,0.1051180362701416
107,435,1.0357142857142858,0.10471796989440918
108,436,1.0380952380952382,0.10332536697387695
109,436,1.0380952380952382,0.10456299781799316
110,436,1.0380952380952382,0.1055290699005127
111,436,1.0380952380952382,0.10375213623046875
112,436,1.0380952380952382,0.10442304611206055
113,435,1.0357142857142858,0.10551309585571289
114,437,1.0404761904761906,0.10372400283813477
115,440,1.0476190476190477,0.10505008697509766
116,435,1.0357142857142858,0.11755800247192383
117,435,1.0357142857142858,0.10532188415527344
118,436,1.0380952380952382,0.1048581600189209
119,437,1.0404761904761906,0.1049962043762207
120,435,1.0357142857142858,0.10529828071594238
121,442,1.0523809523809524,0.10473299026489258
122,436,1.0380952380952382,0.10523319244384766
123,436,1.0380952380952382,0.1039578914642334
124,437,1.0404761904761906,0.10537409782409668
125,440,1.0476190476190477,0.10550236701965332
126,435,1.0357142857142858,0.10532212257385254
127,436,1.0380952380952382,0.10576891899108887
128,437,1.0404761904761906,0.10458612442016602
129,435,1.0357142857142858,0.1056358814239502
130,439,1.0452380952380953,0.10575985908508301
131,436,1.0380952380952382,0.10464787483215332
132,435,1.0357142857142858,0.10483407974243164
133,437,1.0404761904761906,0.10553503036499023
134,436,1.0380952380952382,0.10372400283813477
135,436,1.0380952380952382,0.10458111763000488
136,440,1.0476190476190477,0.10496115684509277
137,436,1.0380952380952382,0.10525012016296387
138,436,1.0380952380952382,0.10412335395812988
139,439,1.0452380952380953,0.10565924644470215
140,437,1.0404761904761906,0.10381317138671875
141,439,1.0452380952380953,0.10477685928344727
142,437,1.0404761904761906,0.10605573654174805
143,435,1.0357142857142858,0.10464215278625488
144,438,1.042857142857143,0.10554790496826172
145,436,1.0380952380952382,0.10499835014343262
146,441,1.05,0.11003804206848145
147,435,1.0357142857142858,0.1071310043334961
148,437,1.0404761904761906,0.10928606986999512
149,436,1.0380952380952382,0.11560988426208496
150,436,1.0380952380952382,0.10378384590148926
151,435,1.0357142857142858,0.10562896728515625
152,439,1.0452380952380953,0.10533499717712402
153,438,1.042857142857143,0.10558295249938965
154,437,1.0404761904761906,0.10497093200683594
155,435,1.0357142857142858,0.10485982894897461
156,441,1.05,0.10522031784057617
157,439,1.0452380952380953,0.10578584671020508
158,435,1.0357142857142858,0.10713696479797363
159,442,1.0523809523809524,0.10488414764404297
160,436,1.0380952380952382,0.10564780235290527
161,437,1.0404761904761906,0.10515904426574707
162,435,1.0357142857142858,0.10624504089355469
163,439,1.0452380952380953,0.10400605201721191
164,442,1.0523809523809524,0.10491013526916504
165,436,1.0380952380952382,0.10484981536865234
166,437,1.0404761904761906,0.10405588150024414
167,435,1.0357142857142858,0.10563516616821289
168,439,1.0452380952380953,0.10684800148010254
169,442,1.0523809523809524,0.10370898246765137
170,436,1.0380952380952382,0.10602211952209473
171,437,1.0404761904761906,0.1077280044555664
172,435,1.0357142857142858,0.10562515258789062
173,439,1.0452380952380953,0.10585713386535645
174,442,1.0523809523809524,0.10440802574157715
175,436,1.0380952380952382,0.10521101951599121
176,437,1.0404761904761906,0.10590624809265137
177,435,1.0357142857142858,0.10546302795410156
178,439,1.0452380952380953,0.10429120063781738
179,442,1.0523809523809524,0.10694408416748047
180,436,1.0380952380952382,0.10505414009094238
181,437,1.0404761904761906,0.10547184944152832
182,435,1.0357142857142858,0.11731195449829102
183,439,1.0452380952380953,0.10575103759765625
184,442,1.0523809523809524,0.10553812980651855
185,436,1.0380952380952382,0.10473299026489258
186,437,1.0404761904761906,0.10586214065551758
187,435,1.0357142857142858,0.10494303703308105
188,439,1.0452380952380953,0.10414719581604004
189,442,1.0523809523809524,0.1053917407989502
190,436,1.0380952380952382,0.10492682456970215
191,437,1.0404761904761906,0.10555291175842285
192,435,1.0357142857142858,0.1049652099609375
193,439,1.0452380952380953,0.10416722297668457
194,442,1.0523809523809524,0.10475492477416992
195,436,1.0380952380952382,0.10455703735351562
196,437,1.0404761904761906,0.1048591136932373
197,435,1.0357142857142858,0.10547304153442383
198,439,1.0452380952380953,0.10517692565917969
199,442,1.0523809523809524,0.105010986328125
200,436,1.0380952380952382,0.10582613945007324
201,437,1.0404761904761906,0.10479998588562012
202,435,1.0357142857142858,0.10573124885559082
203,439,1.0452380952380953,0.10333704948425293
204,442,1.0523809523809524,0.10458707809448242
205,436,1.0380952380952382,0.10468292236328125
206,437,1.0404761904761906,0.10511493682861328
207,435,1.0357142857142858,0.10601973533630371
208,439,1.0452380952380953,0.10642790794372559
209,442,1.0523809523809524,0.10407495498657227
210,436,1.0380952380952382,0.10403776168823242
211,437,1.0404761904761906,0.1050407886505127
212,435,1.0357142857142858,0.10398316383361816
213,439,1.0452380952380953,0.10487508773803711
214,442,1.0523809523809524,0.10442876815795898
215,436,1.0380952380952382,0.11594891548156738
216,437,1.0404761904761906,0.10364699363708496
217,435,1.0357142857142858,0.10458898544311523
218,439,1.0452380952380953,0.10525798797607422
219,442,1.0523809523809524,0.10491800308227539
220,436,1.0380952380952382,0.10516786575317383
221,437,1.0404761904761906,0.10495591163635254
222,435,1.0357142857142858,0.10390090942382812
223,439,1.0452380952380953,0.10522890090942383
224,442,1.0523809523809524,0.10552310943603516
225,436,1.0380952380952382,0.10565471649169922
226,437,1.0404761904761906,0.10442185401916504
227,435,1.0357142857142858,0.10393428802490234
228,439,1.0452380952380953,0.10480809211730957
229,442,1.0523809523809524,0.10503315925598145
230,436,1.0380952380952382,0.1042487621307373
231,437,1.0404761904761906,0.10469818115234375
232,435,1.0357142857142858,0.10475301742553711
233,439,1.0452380952380953,0.10412716865539551
234,442,1.0523809523809524,0.10521697998046875
235,436,1.0380952380952382,0.10634994506835938
236,437,1.0404761904761906,0.10520291328430176
237,435,1.0357142857142858,0.10505819320678711
238,439,1.0452380952380953,0.10569190979003906
239,442,1.0523809523809524,0.10388708114624023
240,436,1.0380952380952382,0.10457992553710938
241,437,1.0404761904761906,0.10417389869689941
242,435,1.0357142857142858,0.10376906394958496
243,439,1.0452380952380953,0.10354304313659668
244,442,1.0523809523809524,0.10528111457824707
245,436,1.0380952380952382,0.10388612747192383
246,437,1.0404761904761906,0.10451221466064453
247,435,1.0357142857142858,0.1051931381225586
248,439,1.0452380952380953,0.11517190933227539
249,442,1.0523809523809524,0.10419130325317383
250,436,1.0380952380952382,0.10389518737792969
251,437,1.0404761904761906,0.10518312454223633
252,435,1.0357142857142858,0.10416889190673828
253,439,1.0452380952380953,0.10468602180480957
254,442,1.0523809523809524,0.10403585433959961
255,436,1.0380952380952382,0.10370469093322754
256,437,1.0404761904761906,0.10532593727111816
257,435,1.0357142857142858,0.10497093200683594
258,439,1.0452380952380953,0.10434913635253906
259,442,1.0523809523809524,0.10541391372680664
260,436,1.0380952380952382,0.10497283935546875
261,437,1.0404761904761906,0.10506582260131836
262,435,1.0357142857142858,0.10545802116394043
263,439,1.0452380952380953,0.10467886924743652
264,442,1.0523809523809524,0.10495591163635254
265,436,1.0380952380952382,0.10540103912353516
266,437,1.0404761904761906,0.10659098625183105
267,435,1.0357142857142858,0.10484027862548828
268,439,1.0452380952380953,0.10671520233154297
269,442,1.0523809523809524,0.10497593879699707
270,436,1.0380952380952382,0.10767602920532227
271,437,1.0404761904761906,0.10430693626403809
272,435,1.0357142857142858,0.1040191650390625
273,439,1.0452380952380953,0.10535097122192383
274,442,1.0523809523809524,0.10430693626403809
275,436,1.0380952380952382,0.10350680351257324
276,437,1.0404761904761906,0.10408496856689453
277,435,1.0357142857142858,0.10290312767028809
278,439,1.0452380952380953,0.10400676727294922
279,442,1.0523809523809524,0.10451722145080566
280,436,1.0380952380952382,0.10578012466430664
281,437,1.0404761904761906,0.11559104919433594
282,435,1.0357142857142858,0.10448694229125977
283,439,1.0452380952380953,0.10535192489624023
284,442,1.0523809523809524,0.10547614097595215
285,436,1.0380952380952382,0.1051781177520752
286,437,1.0404761904761906,0.10439491271972656
287,435,1.0357142857142858,0.10521888732910156
288,439,1.0452380952380953,0.10485696792602539
289,442,1.0523809523809524,0.10437607765197754
290,436,1.0380952380952382,0.10520291328430176
291,437,1.0404761904761906,0.10537505149841309
292,435,1.0357142857142858,0.10552787780761719
293,439,1.0452380952380953,0.10340118408203125
294,442,1.0523809523809524,0.10580706596374512
295,436,1.0380952380952382,0.10471677780151367
296,437,1.0404761904761906,0.10599088668823242
297,435,1.0357142857142858,0.1036229133605957
298,439,1.0452380952380953,0.10456299781799316
299,442,1.0523809523809524,0.1051950454711914
300,436,1.0380952380952382,0.10545110702514648
301,437,1.0404761904761906,0.10531210899353027
302,435,1.0357142857142858,0.10564517974853516
303,439,1.0452380952380953,0.10523796081542969
304,442,1.0523809523809524,0.10451102256774902
305,436,1.0380952380952382,0.1049342155456543
306,437,1.0404761904761906,0.10606789588928223
307,435,1.0357142857142858,0.10541105270385742
308,439,1.0452380952380953,0.1206350326538086
309,442,1.0523809523809524,0.10601305961608887
310,436,1.0380952380952382,0.10605192184448242
311,437,1.0404761904761906,0.11107897758483887
312,435,1.0357142857142858,0.10372591018676758
313,439,1.0452380952380953,0.10331916809082031
314,442,1.0523809523809524,0.11490511894226074
315,436,1.0380952380952382,0.1044609546661377
316,437,1.0404761904761906,0.10382580757141113
317,435,1.0357142857142858,0.10383224487304688
318,439,1.0452380952380953,0.10428595542907715
319,442,1.0523809523809524,0.10390090942382812
320,436,1.0380952380952382,0.10421299934387207
321,437,1.0404761904761906,0.10317587852478027
322,435,1.0357142857142858,0.10415005683898926
323,439,1.0452380952380953,0.10372710227966309
324,442,1.0523809523809524,0.10389089584350586
325,436,1.0380952380952382,0.10360026359558105
326,437,1.0404761904761906,0.1039578914642334
327,435,1.0357142857142858,0.10469889640808105
328,439,1.0452380952380953,0.10571527481079102
329,442,1.0523809523809524,0.10526704788208008
330,436,1.0380952380952382,0.10535502433776855
331,437,1.0404761904761906,0.1045529842376709
332,435,1.0357142857142858,0.10536074638366699
333,439,1.0452380952380953,0.10564303398132324
334,442,1.0523809523809524,0.1052999496459961
335,436,1.0380952380952382,0.10522007942199707
336,437,1.0404761904761906,0.10521316528320312
337,435,1.0357142857142858,0.10535001754760742
338,439,1.0452380952380953,0.10568881034851074
339,442,1.0523809523809524,0.10515093803405762
340,436,1.0380952380952382,0.10526108741760254
341,437,1.0404761904761906,0.10489416122436523
342,435,1.0357142857142858,0.10434103012084961
343,439,1.0452380952380953,0.1045389175415039
344,442,1.0523809523809524,0.10716891288757324
345,436,1.0380952380952382,0.10446691513061523
346,437,1.0404761904761906,0.10445785522460938
347,435,1.0357142857142858,0.11568617820739746
348,439,1.0452380952380953,0.10533881187438965
349,442,1.0523809523809524,0.1037290096282959
350,436,1.0380952380952382,0.10449099540710449
351,437,1.0404761904761906,0.10471677780151367
352,435,1.0357142857142858,0.10470914840698242
353,439,1.0452380952380953,0.10479092597961426
354,442,1.0523809523809524,0.10528683662414551
355,436,1.0380952380952382,0.10523796081542969
356,437,1.0404761904761906,0.10547208786010742
357,435,1.0357142857142858,0.1050419807434082
358,439,1.0452380952380953,0.10598301887512207
359,442,1.0523809523809524,0.10590577125549316
360,436,1.0380952380952382,0.10560202598571777
361,437,1.0404761904761906,0.10526299476623535
362,435,1.0357142857142858,0.10547614097595215
363,439,1.0452380952380953,0.10517311096191406
364,442,1.0523809523809524,0.1045691967010498
365,436,1.0380952380952382,0.10436677932739258
366,437,1.0404761904761906,0.10420608520507812
367,435,1.0357142857142858,0.10448527336120605
368,439,1.0452380952380953,0.10453605651855469
369,442,1.0523809523809524,0.1053922176361084
370,436,1.0380952380952382,0.10525989532470703
371,437,1.0404761904761906,0.10561776161193848
372,435,1.0357142857142858,0.10514211654663086
373,439,1.0452380952380953,0.10448694229125977
374,442,1.0523809523809524,0.10453104972839355
375,436,1.0380952380952382,0.10521602630615234
376,437,1.0404761904761906,0.10458493232727051
377,435,1.0357142857142858,0.10440397262573242
378,439,1.0452380952380953,0.10415935516357422
379,442,1.0523809523809524,0.10396790504455566
380,436,1.0380952380952382,0.1152801513671875
381,437,1.0404761904761906,0.10463523864746094
382,435,1.0357142857142858,0.10484027862548828
383,439,1.0452380952380953,0.10445904731750488
384,442,1.0523809523809524,0.1042478084564209
385,436,1.0380952380952382,0.10469675064086914
386,437,1.0404761904761906,0.10512614250183105
387,435,1.0357142857142858,0.1055607795715332
388,439,1.0452380952380953,0.10503220558166504
389,442,1.0523809523809524,0.10426998138427734
390,436,1.0380952380952382,0.10426211357116699
391,437,1.0404761904761906,0.10444521903991699
392,435,1.0357142857142858,0.10456514358520508
393,439,1.0452380952380953,0.10451364517211914
394,442,1.0523809523809524,0.10437202453613281
395,436,1.0380952380952382,0.10442113876342773
396,437,1.0404761904761906,0.1042633056640625
397,435,1.0357142857142858,0.10463190078735352
398,439,1.0452380952380953,0.10496926307678223
399,442,1.0523809523809524,0.10477375984191895
400,436,1.0380952380952382,0.10475325584411621
401,437,1.0404761904761906,0.10450887680053711
402,435,1.0357142857142858,0.10482311248779297
403,439,1.0452380952380953,0.10495901107788086
404,442,1.0523809523809524,0.10528063774108887
405,436,1.0380952380952382,0.10520219802856445
406,437,1.0404761904761906,0.10502076148986816
407,435,1.0357142857142858,0.10542631149291992
408,439,1.0452380952380953,0.10497260093688965
409,442,1.0523809523809524,0.10521507263183594
410,436,1.0380952380952382,0.10495376586914062
411,437,1.0404761904761906,0.10501623153686523
412,435,1.0357142857142858,0.10526108741760254
413,439,1.0452380952380953,0.1148827075958252
414,442,1.0523809523809524,0.1048121452331543
415,436,1.0380952380952382,0.1040351390838623
416,437,1.0404761904761906,0.10431194305419922
417,435,1.0357142857142858,0.1043550968170166
418,439,1.0452380952380953,0.10436582565307617
419,442,1.0523809523809524,0.10562777519226074
420,436,1.0380952380952382,0.10524511337280273
421,437,1.0404761904761906,0.10495305061340332
422,435,1.0357142857142858,0.10439705848693848
423,439,1.0452380952380953,0.10444068908691406
424,442,1.0523809523809524,0.10413384437561035
425,436,1.0380952380952382,0.10460186004638672
426,437,1.0404761904761906,0.10420083999633789
427,435,1.0357142857142858,0.10393238067626953
428,439,1.0452380952380953,0.10442018508911133
429,442,1.0523809523809524,0.10479617118835449
430,436,1.0380952380952382,0.10526108741760254
431,437,1.0404761904761906,0.104248046875
432,435,1.0357142857142858,0.10425400733947754
433,439,1.0452380952380953,0.10422825813293457
434,442,1.0523809523809524,0.10432577133178711
435,436,1.0380952380952382,0.1045379638671875
436,437,1.0404761904761906,0.10511493682861328
437,435,1.0357142857142858,0.10529780387878418
438,439,1.0452380952380953,0.10481095314025879
439,442,1.0523809523809524,0.1041417121887207
440,436,1.0380952380952382,0.10461878776550293
441,437,1.0404761904761906,0.10419988632202148
442,435,1.0357142857142858,0.10433101654052734
443,439,1.0452380952380953,0.10419201850891113
444,442,1.0523809523809524,0.10463404655456543
445,436,1.0380952380952382,0.10461688041687012
446,437,1.0404761904761906,0.11532974243164062
447,435,1.0357142857142858,0.10501313209533691
448,439,1.0452380952380953,0.10427403450012207
449,442,1.0523809523809524,0.10443615913391113
450,436,1.0380952380952382,0.10413813591003418
451,437,1.0404761904761906,0.10603785514831543
452,435,1.0357142857142858,0.10548686981201172
453,439,1.0452380952380953,0.1051781177520752
454,442,1.0523809523809524,0.10498571395874023
455,436,1.0380952380952382,0.10337686538696289
456,437,1.0404761904761906,0.10361099243164062
457,435,1.0357142857142858,0.10349297523498535
458,439,1.0452380952380953,0.10429906845092773
459,442,1.0523809523809524,0.10388398170471191
460,436,1.0380952380952382,0.10382318496704102
461,437,1.0404761904761906,0.10455799102783203
462,435,1.0357142857142858,0.10416674613952637
463,439,1.0452380952380953,0.10428524017333984
464,442,1.0523809523809524,0.10459494590759277
465,436,1.0380952380952382,0.1044926643371582
466,437,1.0404761904761906,0.10364580154418945
467,435,1.0357142857142858,0.10471224784851074
468,439,1.0452380952380953,0.10462188720703125
469,442,1.0523809523809524,0.10489392280578613
470,436,1.0380952380952382,0.10492515563964844
471,437,1.0404761904761906,0.1064760684967041
472,435,1.0357142857142858,0.1028599739074707
473,439,1.0452380952380953,0.10287690162658691
474,442,1.0523809523809524,0.10320281982421875
475,436,1.0380952380952382,0.10256123542785645
476,437,1.0404761904761906,0.1030580997467041
477,435,1.0357142857142858,0.10399103164672852
478,439,1.0452380952380953,0.10360217094421387
479,442,1.0523809523809524,0.1144707202911377
480,436,1.0380952380952382,0.10342001914978027
481,437,1.0404761904761906,0.10315084457397461
482,435,1.0357142857142858,0.10257315635681152
483,439,1.0452380952380953,0.10270500183105469
484,442,1.0523809523809524,0.1029670238494873
485,436,1.0380952380952382,0.10391402244567871
486,437,1.0404761904761906,0.10338997840881348
487,435,1.0357142857142858,0.10309886932373047
488,439,1.0452380952380953,0.10794687271118164
489,442,1.0523809523809524,0.10518503189086914
490,436,1.0380952380952382,0.10467195510864258
491,437,1.0404761904761906,0.10470390319824219
492,435,1.0357142857142858,0.10441708564758301
493,439,1.0452380952380953,0.1045229434967041
494,442,1.0523809523809524,0.1048588752746582
495,436,1.0380952380952382,0.10467386245727539
496,437,1.0404761904761906,0.10531091690063477
497,435,1.0357142857142858,0.1045989990234375
498,439,1.0452380952380953,0.10468363761901855
499,442,1.0523809523809524,0.10484981536865234
500,436,1.0380952380952382,0.10466408729553223
501,437,1.0404761904761906,0.10527491569519043
502,435,1.0357142857142858,0.10485029220581055
503,439,1.0452380952380953,0.1048269271850586
504,442,1.0523809523809524,0.10454988479614258
505,436,1.0380952380952382,0.10501670837402344
506,437,1.0404761904761906,0.10495924949645996
507,435,1.0357142857142858,0.10560274124145508
508,439,1.0452380952380953,0.10470724105834961
509,442,1.0523809523809524,0.10453295707702637
510,436,1.0380952380952382,0.10600399971008301
511,437,1.0404761904761906,0.10453915596008301
512,435,1.0357142857142858,0.11621809005737305
513,439,1.0452380952380953,0.10456967353820801
514,442,1.0523809523809524,0.10477900505065918
515,436,1.0380952380952382,0.10467672348022461
516,437,1.0404761904761906,0.10503292083740234
517,435,1.0357142857142858,0.10512518882751465
518,439,1.0452380952380953,0.10478806495666504
519,442,1.0523809523809524,0.1045081615447998
520,436,1.0380952380952382,0.1047520637512207
521,437,1.0404761904761906,0.10483407974243164
522,435,1.0357142857142858,0.10475993156433105
523,439,1.0452380952380953,0.1054239273071289
524,442,1.0523809523809524,0.10483288764953613
525,436,1.0380952380952382,0.10614395141601562
526,437,1.0404761904761906,0.1072089672088623
527,435,1.0357142857142858,0.10784506797790527
528,439,1.0452380952380953,0.10755801200866699
529,442,1.0523809523809524,0.10705375671386719
530,436,1.0380952380952382,0.10704493522644043
531,437,1.0404761904761906,0.1052851676940918
532,435,1.0357142857142858,0.10538315773010254
533,439,1.0452380952380953,0.10502099990844727
534,442,1.0523809523809524,0.10515904426574707
535,436,1.0380952380952382,0.10466313362121582
536,437,1.0404761904761906,0.10628986358642578
537,435,1.0357142857142858,0.105438232421875
538,439,1.0452380952380953,0.10576415061950684
539,442,1.0523809523809524,0.10551190376281738
540,436,1.0380952380952382,0.10625600814819336
541,437,1.0404761904761906,0.10594892501831055
542,435,1.0357142857142858,0.10568404197692871
543,439,1.0452380952380953,0.10490083694458008
544,442,1.0523809523809524,0.10541915893554688
545,436,1.0380952380952382,0.11635708808898926
546,437,1.0404761904761906,0.10456323623657227
547,435,1.0357142857142858,0.10459065437316895
548,439,1.0452380952380953,0.10523581504821777
549,442,1.0523809523809524,0.10503005981445312
550,436,1.0380952380952382,0.10519003868103027
551,437,1.0404761904761906,0.10466217994689941
552,435,1.0357142857142858,0.10481500625610352
553,439,1.0452380952380953,0.10511517524719238
554,442,1.0523809523809524,0.1046438217163086
555,436,1.0380952380952382,0.10477781295776367
556,437,1.0404761904761906,0.10529112815856934
557,435,1.0357142857142858,0.10438704490661621
558,439,1.0452380952380953,0.1074681282043457
559,442,1.0523809523809524,0.10516691207885742
560,436,1.0380952380952382,0.10645079612731934
561,437,1.0404761904761906,0.10405683517456055
562,435,1.0357142857142858,0.1034688949584961
563,439,1.0452380952380953,0.10467290878295898
564,442,1.0523809523809524,0.10426712036132812
565,436,1.0380952380952382,0.10463690757751465
566,437,1.0404761904761906,0.10508203506469727
567,435,1.0357142857142858,0.10477805137634277
568,439,1.0452380952380953,0.10479402542114258
569,442,1.0523809523809524,0.1047508716583252
570,436,1.0380952380952382,0.10487103462219238
571,437,1.0404761904761906,0.10471129417419434
572,435,1.0357142857142858,0.10476279258728027
573,439,1.0452380952380953,0.10451006889343262
574,442,1.0523809523809524,0.10434699058532715
575,436,1.0380952380952382,0.1041710376739502
576,437,1.0404761904761906,0.1040658950805664
577,435,1.0357142857142858,0.10457682609558105
578,439,1.0452380952380953,0.11591815948486328
579,442,1.0523809523809524,0.10512709617614746
580,436,1.0380952380952382,0.10497212409973145
581,437,1.0404761904761906,0.10460209846496582
582,435,1.0357142857142858,0.1046597957611084
583,439,1.0452380952380953,0.10499930381774902
584,442,1.0523809523809524,0.10460209846496582
585,436,1.0380952380952382,0.10474514961242676
586,437,1.0404761904761906,0.10530495643615723
587,435,1.0357142857142858,0.10473203659057617
588,439,1.0452380952380953,0.10464906692504883
589,442,1.0523809523809524,0.10388922691345215
590,436,1.0380952380952382,0.10529899597167969
591,437,1.0404761904761906,0.10389590263366699
592,435,1.0357142857142858,0.10308098793029785
593,439,1.0452380952380953,0.10350513458251953
594,442,1.0523809523809524,0.10384106636047363
595,436,1.0380952380952382,0.10270500183105469
596,437,1.0404761904761906,0.10274410247802734
597,435,1.0357142857142858,0.10335516929626465
598,439,1.0452380952380953,0.10288786888122559
599,442,1.0523809523809524,0.10426092147827148
600,436,1.0380952380952382,0.10397601127624512
601,437,1.0404761904761906,0.10365700721740723
602,435,1.0357142857142858,0.10304903984069824
603,439,1.0452380952380953,0.10259413719177246
604,442,1.0523809523809524,0.10386514663696289
605,436,1.0380952380952382,0.10405397415161133
606,437,1.0404761904761906,0.10296297073364258
607,435,1.0357142857142858,0.10377788543701172
608,439,1.0452380952380953,0.10326099395751953
609,442,1.0523809523809524,0.10408401489257812
610,436,1.0380952380952382,0.10300707817077637
611,437,1.0404761904761906,0.11400389671325684
612,435,1.0357142857142858,0.10356998443603516
613,439,1.0452380952380953,0.10323572158813477
614,442,1.0523809523809524,0.10276031494140625
615,436,1.0380952380952382,0.10331392288208008
616,437,1.0404761904761906,0.10424590110778809
617,435,1.0357142857142858,0.10436582565307617
618,439,1.0452380952380953,0.10351896286010742
619,442,1.0523809523809524,0.10418462753295898
620,436,1.0380952380952382,0.10430908203125
621,437,1.0404761904761906,0.10496807098388672
622,435,1.0357142857142858,0.10426974296569824
623,439,1.0452380952380953,0.10344910621643066
624,442,1.0523809523809524,0.1035921573638916
625,436,1.0380952380952382,0.1031191349029541
626,437,1.0404761904761906,0.10287904739379883
627,435,1.0357142857142858,0.1035158634185791
628,439,1.0452380952380953,0.10257697105407715
629,442,1.0523809523809524,0.10275077819824219
630,436,1.0380952380952382,0.10279488563537598
631,437,1.0404761904761906,0.1058192253112793
632,435,1.0357142857142858,0.1046762466430664
633,439,1.0452380952380953,0.10979986190795898
634,442,1.0523809523809524,0.10622000694274902
635,436,1.0380952380952382,0.10657167434692383
636,437,1.0404761904761906,0.11145496368408203
637,435,1.0357142857142858,0.10433387756347656
638,439,1.0452380952380953,0.10546612739562988
639,442,1.0523809523809524,0.1048581600189209
640,436,1.0380952380952382,0.10493588447570801
641,437,1.0404761904761906,0.10497784614562988
642,435,1.0357142857142858,0.10447812080383301
643,439,1.0452380952380953,0.10476112365722656
644,442,1.0523809523809524,0.11580801010131836
645,436,1.0380952380952382,0.10348391532897949
646,437,1.0404761904761906,0.10467290878295898
647,435,1.0357142857142858,0.10391497611999512
648,439,1.0452380952380953,0.10371613502502441
649,442,1.0523809523809524,0.10454297065734863
650,436,1.0380952380952382,0.10395288467407227
651,437,1.0404761904761906,0.10480713844299316
652,435,1.0357142857142858,0.10485506057739258
653,439,1.0452380952380953,0.10402297973632812
654,442,1.0523809523809524,0.10440397262573242
655,436,1.0380952380952382,0.10451984405517578
656,437,1.0404761904761906,0.10409879684448242
657,435,1.0357142857142858,0.10461902618408203
658,439,1.0452380952380953,0.10406184196472168
659,442,1.0523809523809524,0.1048119068145752
660,436,1.0380952380952382,0.10385918617248535
661,437,1.0404761904761906,0.10392427444458008
662,435,1.0357142857142858,0.10415005683898926
663,439,1.0452380952380953,0.10395598411560059
664,442,1.0523809523809524,0.10468792915344238
665,436,1.0380952380952382,0.10476803779602051
666,437,1.0404761904761906,0.10444188117980957
667,435,1.0357142857142858,0.10452675819396973
668,439,1.0452380952380953,0.10453200340270996
669,442,1.0523809523809524,0.10417699813842773
670,436,1.0380952380952382,0.10407686233520508
671,437,1.0404761904761906,0.1047658920288086
672,435,1.0357142857142858,0.10408616065979004
673,439,1.0452380952380953,0.10463190078735352
674,442,1.0523809523809524,0.10446405410766602
675,436,1.0380952380952382,0.1043539047241211
676,437,1.0404761904761906,0.10418200492858887
677,435,1.0357142857142858,0.11410999298095703
678,439,1.0452380952380953,0.10374903678894043
679,442,1.0523809523809524,0.10326385498046875
680,436,1.0380952380952382,0.10406208038330078
681,437,1.0404761904761906,0.10455989837646484
682,435,1.0357142857142858,0.10482621192932129
683,439,1.0452380952380953,0.10386896133422852
684,442,1.0523809523809524,0.1048882007598877
685,436,1.0380952380952382,0.10531210899353027
686,437,1.0404761904761906,0.10469603538513184
687,435,1.0357142857142858,0.104705810546875
688,439,1.0452380952380953,0.10402417182922363
689,442,1.0523809523809524,0.10425591468811035
690,436,1.0380952380952382,0.10409927368164062
691,437,1.0404761904761906,0.10416698455810547
692,435,1.0357142857142858,0.10436511039733887
693,439,1.0452380952380953,0.1449577808380127
694,442,1.0523809523809524,0.10392189025878906
695,436,1.0380952380952382,0.10348796844482422
696,437,1.0404761904761906,0.10348916053771973
697,435,1.0357142857142858,0.1035761833190918
698,439,1.0452380952380953,0.10394024848937988
699,442,1.0523809523809524,0.10501503944396973
700,436,1.0380952380952382,0.10446405410766602
701,437,1.0404761904761906,0.10438394546508789
702,435,1.0357142857142858,0.10412406921386719
703,439,1.0452380952380953,0.10394811630249023
704,442,1.0523809523809524,0.10386395454406738
705,436,1.0380952380952382,0.1041419506072998
706,437,1.0404761904761906,0.10371088981628418
707,435,1.0357142857142858,0.10417819023132324
708,439,1.0452380952380953,0.10386896133422852
709,442,1.0523809523809524,0.10399270057678223
710,436,1.0380952380952382,0.11411476135253906
711,437,1.0404761904761906,0.10417389869689941
712,435,1.0357142857142858,0.10242986679077148
713,439,1.0452380952380953,0.10315179824829102
714,442,1.0523809523809524,0.10408544540405273
715,436,1.0380952380952382,0.1043400764465332
716,437,1.0404761904761906,0.10441184043884277
717,435,1.0357142857142858,0.10443687438964844
718,439,1.0452380952380953,0.10473012924194336
719,442,1.0523809523809524,0.10477685928344727
720,436,1.0380952380952382,0.10475802421569824
721,437,1.0404761904761906,0.10396075248718262
722,435,1.0357142857142858,0.1040492057800293
723,439,1.0452380952380953,0.10432791709899902
724,442,1.0523809523809524,0.1045370101928711
725,436,1.0380952380952382,0.1208341121673584
726,437,1.0404761904761906,0.10452985763549805
727,435,1.0357142857142858,0.10505294799804688
728,439,1.0452380952380953,0.10487008094787598
729,442,1.0523809523809524,0.10484814643859863
730,436,1.0380952380952382,0.10506391525268555
731,437,1.0404761904761906,0.10457706451416016
732,435,1.0357142857142858,0.10539603233337402
733,439,1.0452380952380953,0.10457801818847656
734,442,1.0523809523809524,0.10578203201293945
735,436,1.0380952380952382,0.10565710067749023
736,437,1.0404761904761906,0.10569620132446289
737,435,1.0357142857142858,0.10550212860107422
738,439,1.0452380952380953,0.10580205917358398
739,442,1.0523809523809524,0.1056058406829834
740,436,1.0380952380952382,0.10540080070495605
741,437,1.0404761904761906,0.10552191734313965
742,435,1.0357142857142858,0.10546088218688965
743,439,1.0452380952380953,0.11632394790649414
744,442,1.0523809523809524,0.1046290397644043
745,436,1.0380952380952382,0.10476422309875488
746,437,1.0404761904761906,0.10495901107788086
747,435,1.0357142857142858,0.10478496551513672
748,439,1.0452380952380953,0.10510730743408203
749,442,1.0523809523809524,0.10474920272827148
750,436,1.0380952380952382,0.10447001457214355
751,437,1.0404761904761906,0.10461091995239258
752,435,1.0357142857142858,0.1054692268371582
753,439,1.0452380952380953,0.10541319847106934
754,442,1.0523809523809524,0.10559320449829102
755,436,1.0380952380952382,0.1053628921508789
756,437,1.0404761904761906,0.10531806945800781
757,435,1.0357142857142858,0.1059110164642334
758,439,1.0452380952380953,0.10456991195678711
759,442,1.0523809523809524,0.10467720031738281
760,436,1.0380952380952382,0.10560011863708496
761,437,1.0404761904761906,0.10564827919006348
762,435,1.0357142857142858,0.10553693771362305
763,439,1.0452380952380953,0.10550594329833984
764,442,1.0523809523809524,0.10575413703918457
765,436,1.0380952380952382,0.10570192337036133
766,437,1.0404761904761906,0.10541820526123047
767,435,1.0357142857142858,0.10531282424926758
768,439,1.0452380952380953,0.1050271987915039
769,442,1.0523809523809524,0.10466384887695312
770,436,1.0380952380952382,0.10473012924194336
771,437,1.0404761904761906,0.10474371910095215
772,435,1.0357142857142858,0.10477781295776367
773,439,1.0452380952380953,0.10473418235778809
774,442,1.0523809523809524,0.10514712333679199
775,436,1.0380952380952382,0.10473513603210449
776,437,1.0404761904761906,0.11672091484069824
777,435,1.0357142857142858,0.1057119369506836
778,439,1.0452380952380953,0.10557389259338379
779,442,1.0523809523809524,0.1059269905090332
780,436,1.0380952380952382,0.10560297966003418
781,437,1.0404761904761906,0.10578107833862305
782,435,1.0357142857142858,0.10552096366882324
783,439,1.0452380952380953,0.10565996170043945
784,442,1.0523809523809524,0.1055290699005127
785,436,1.0380952380952382,0.10515999794006348
786,437,1.0404761904761906,0.10446000099182129
787,435,1.0357142857142858,0.10473918914794922
788,439,1.0452380952380953,0.10463309288024902
789,442,1.0523809523809524,0.10448002815246582
790,436,1.0380952380952382,0.10543394088745117
791,437,1.0404761904761906,0.10448622703552246
792,435,1.0357142857142858,0.10496282577514648
793,439,1.0452380952380953,0.10576105117797852
794,442,1.0523809523809524,0.1057281494140625
795,436,1.0380952380952382,0.10654997825622559
796,437,1.0404761904761906,0.10667109489440918
797,435,1.0357142857142858,0.10596013069152832
798,439,1.0452380952380953,0.10555887222290039
799,442,1.0523809523809524,0.10547709465026855
800,436,1.0380952380952382,0.10554218292236328
801,437,1.0404761904761906,0.10515093803405762
802,435,1.0357142857142858,0.10544991493225098
803,439,1.0452380952380953,0.10497593879699707
804,442,1.0523809523809524,0.10535097122192383
805,436,1.0380952380952382,0.10513496398925781
806,437,1.0404761904761906,0.10532212257385254
807,435,1.0357142857142858,0.10417723655700684
808,439,1.0452380952380953,0.1047520637512207
809,442,1.0523809523809524,0.1167459487915039
810,436,1.0380952380952382,0.1054849624633789
811,437,1.0404761904761906,0.10569405555725098
812,435,1.0357142857142858,0.10527801513671875
813,439,1.0452380952380953,0.10547304153442383
814,442,1.0523809523809524,0.10537600517272949
815,436,1.0380952380952382,0.10514497756958008
816,437,1.0404761904761906,0.10509061813354492
817,435,1.0357142857142858,0.1053769588470459
818,439,1.0452380952380953,0.1050560474395752
819,442,1.0523809523809524,0.10688471794128418
820,436,1.0380952380952382,0.10888004302978516
821,437,1.0404761904761906,0.10428285598754883
822,435,1.0357142857142858,0.10477113723754883
823,439,1.0452380952380953,0.10470914840698242
824,442,1.0523809523809524,0.10463690757751465
825,436,1.0380952380952382,0.10463619232177734
826,437,1.0404761904761906,0.10559320449829102
827,435,1.0357142857142858,0.10510993003845215
828,439,1.0452380952380953,0.10525226593017578
829,442,1.0523809523809524,0.10560488700866699
830,436,1.0380952380952382,0.10538387298583984
831,437,1.0404761904761906,0.10522270202636719
832,435,1.0357142857142858,0.10526895523071289
833,439,1.0452380952380953,0.1052846908569336
834,442,1.0523809523809524,0.10510587692260742
835,436,1.0380952380952382,0.10542511940002441
836,437,1.0404761904761906,0.10508918762207031
837,435,1.0357142857142858,0.1049661636352539
838,439,1.0452380952380953,0.10465717315673828
839,442,1.0523809523809524,0.1045522689819336
840,436,1.0380952380952382,0.1053171157836914
841,437,1.0404761904761906,0.10526585578918457
842,435,1.0357142857142858,0.11670112609863281
843,439,1.0452380952380953,0.10300612449645996
844,442,1.0523809523809524,0.10359811782836914
845,436,1.0380952380952382,0.10301995277404785
846,437,1.0404761904761906,0.10425090789794922
847,435,1.0357142857142858,0.10490107536315918
848,439,1.0452380952380953,0.10426998138427734
849,442,1.0523809523809524,0.1043400764465332
850,436,1.0380952380952382,0.10428118705749512
851,437,1.0404761904761906,0.10405707359313965
852,435,1.0357142857142858,0.10468912124633789
853,439,1.0452380952380953,0.10428524017333984
854,442,1.0523809523809524,0.10431098937988281
855,436,1.0380952380952382,0.10474491119384766
856,437,1.0404761904761906,0.10470795631408691
857,435,1.0357142857142858,0.10442423820495605
858,439,1.0452380952380953,0.10422611236572266
859,442,1.0523809523809524,0.10407805442810059
860,436,1.0380952380952382,0.1039738655090332
861,437,1.0404761904761906,0.10349893569946289
862,435,1.0357142857142858,0.10453486442565918
863,439,1.0452380952380953,0.10414385795593262
864,442,1.0523809523809524,0.1038670539855957
865,436,1.0380952380952382,0.10466814041137695
866,437,1.0404761904761906,0.10471105575561523
867,435,1.0357142857142858,0.10440707206726074
868,439,1.0452380952380953,0.10445189476013184
869,442,1.0523809523809524,0.1049191951751709
870,436,1.0380952380952382,0.10433506965637207
871,437,1.0404761904761906,0.10414409637451172
872,435,1.0357142857142858,0.10450291633605957
873,439,1.0452380952380953,0.10469603538513184
874,442,1.0523809523809524,0.10466909408569336
875,436,1.0380952380952382,0.11406707763671875
876,437,1.0404761904761906,0.10373711585998535
877,435,1.0357142857142858,0.10328817367553711
878,439,1.0452380952380953,0.10407781600952148
879,442,1.0523809523809524,0.10349297523498535
880,436,1.0380952380952382,0.10432910919189453
881,437,1.0404761904761906,0.10424280166625977
882,435,1.0357142857142858,0.10431313514709473
883,439,1.0452380952380953,0.10448694229125977
884,442,1.0523809523809524,0.10504293441772461
885,436,1.0380952380952382,0.10449099540710449
886,437,1.0404761904761906,0.1051030158996582
887,435,1.0357142857142858,0.10489201545715332
888,439,1.0452380952380953,0.10454487800598145
889,442,1.0523809523809524,0.10502886772155762
890,436,1.0380952380952382,0.10456395149230957
891,437,1.0404761904761906,0.10430288314819336
892,435,1.0357142857142858,0.10312795639038086
893,439,1.0452380952380953,0.10374975204467773
894,442,1.0523809523809524,0.10399484634399414
895,436,1.0380952380952382,0.10415887832641602
896,437,1.0404761904761906,0.10413599014282227
897,435,1.0357142857142858,0.10356497764587402
898,439,1.0452380952380953,0.10509610176086426
899,442,1.0523809523809524,0.10406994819641113
900,436,1.0380952380952382,0.10398292541503906
901,437,1.0404761904761906,0.1043252944946289
902,435,1.0357142857142858,0.1046149730682373
903,439,1.0452380952380953,0.10471487045288086
904,442,1.0523809523809524,0.10406088829040527
905,436,1.0380952380952382,0.10429906845092773
906,437,1.0404761904761906,0.1042029857635498
907,435,1.0357142857142858,0.10454082489013672
908,439,1.0452380952380953,0.11466383934020996
909,442,1.0523809523809524,0.10410499572753906
910,436,1.0380952380952382,0.10363578796386719
911,437,1.0404761904761906,0.103607177734375
912,435,1.0357142857142858,0.10493898391723633
913,439,1.0452380952380953,0.10332083702087402
914,442,1.0523809523809524,0.10487508773803711
915,436,1.0380952380952382,0.10410904884338379
916,437,1.0404761904761906,0.10508227348327637
917,435,1.0357142857142858,0.10465002059936523
918,439,1.0452380952380953,0.1047060489654541
919,442,1.0523809523809524,0.10470986366271973
920,436,1.0380952380952382,0.10489439964294434
921,437,1.0404761904761906,0.10444474220275879
922,435,1.0357142857142858,0.1051950454711914
923,439,1.0452380952380953,0.10496711730957031
924,442,1.0523809523809524,0.10454916954040527
925,436,1.0380952380952382,0.10391807556152344
926,437,1.0404761904761906,0.1033027172088623
927,435,1.0357142857142858,0.103729248046875
928,439,1.0452380952380953,0.10467910766601562
929,442,1.0523809523809524,0.10375809669494629
930,436,1.0380952380952382,0.10359811782836914
931,437,1.0404761904761906,0.1045541763305664
932,435,1.0357142857142858,0.10432004928588867
933,439,1.0452380952380953,0.10422992706298828
934,442,1.0523809523809524,0.10452389717102051
935,436,1.0380952380952382,0.10425710678100586
936,437,1.0404761904761906,0.10468387603759766
937,435,1.0357142857142858,0.10422110557556152
938,439,1.0452380952380953,0.10467815399169922
939,442,1.0523809523809524,0.10477089881896973
940,436,1.0380952380952382,0.10463309288024902
941,437,1.0404761904761906,0.11438608169555664
942,435,1.0357142857142858,0.10335063934326172
943,439,1.0452380952380953,0.10381817817687988
944,442,1.0523809523809524,0.10387206077575684
945,436,1.0380952380952382,0.10423803329467773
946,437,1.0404761904761906,0.103607177734375
947,435,1.0357142857142858,0.1046290397644043
948,439,1.0452380952380953,0.10464310646057129
949,442,1.0523809523809524,0.10491514205932617
950,436,1.0380952380952382,0.10494589805603027
951,437,1.0404761904761906,0.10465025901794434
952,435,1.0357142857142858,0.10478091239929199
953,439,1.0452380952380953,0.10440683364868164
954,442,1.0523809523809524,0.10381388664245605
955,436,1.0380952380952382,0.10490608215332031
956,437,1.0404761904761906,0.10517597198486328
957,435,1.0357142857142858,0.10481381416320801
958,439,1.0452380952380953,0.10825395584106445
959,442,1.0523809523809524,0.10701107978820801
960,436,1.0380952380952382,0.10641908645629883
961,437,1.0404761904761906,0.10540890693664551
962,435,1.0357142857142858,0.10540270805358887
963,439,1.0452380952380953,0.10617589950561523
964,442,1.0523809523809524,0.10485601425170898
965,436,1.0380952380952382,0.10497617721557617
966,437,1.0404761904761906,0.11777830123901367
967,435,1.0357142857142858,0.10610198974609375
968,439,1.0452380952380953,0.10747694969177246
969,442,1.0523809523809524,0.10412478446960449
970,436,1.0380952380952382,0.10390925407409668
971,437,1.0404761904761906,0.10369205474853516
972,435,1.0357142857142858,0.10486793518066406
973,439,1.0452380952380953,0.10355305671691895
974,442,1.0523809523809524,0.1153562068939209
975,436,1.0380952380952382,0.10379505157470703
976,437,1.0404761904761906,0.10342597961425781
977,435,1.0357142857142858,0.10409998893737793
978,439,1.0452380952380953,0.10373687744140625
979,442,1.0523809523809524,0.10422396659851074
980,436,1.0380952380952382,0.10414385795593262
981,437,1.0404761904761906,0.10478401184082031
982,435,1.0357142857142858,0.10428690910339355
983,439,1.0452380952380953,0.10443425178527832
984,442,1.0523809523809524,0.10483503341674805
985,436,1.0380952380952382,0.10505390167236328
986,437,1.0404761904761906,0.10469293594360352
987,435,1.0357142857142858,0.10470294952392578
988,439,1.0452380952380953,0.10441088676452637
989,442,1.0523809523809524,0.10495591163635254
990,436,1.0380952380952382,0.10451984405517578
991,437,1.0404761904761906,0.10361695289611816
992,435,1.0357142857142858,0.1046912670135498
993,439,1.0452380952380953,0.10419988632202148
994,442,1.0523809523809524,0.1042327880859375
995,436,1.0380952380952382,0.10421180725097656
996,437,1.0404761904761906,0.10337209701538086
997,435,1.0357142857142858,0.10496020317077637
998,439,1.0452380952380953,0.10487794876098633
999,442,1.0523809523809524,0.10408282279968262
1000,436,1.0380952380952382,0.1052098274230957
